{"cameraMode":{"drawMode":0,"name":"Shaded","section":"Shading Mode"},"sceneLighting":true,"audioPlay":false,"sceneViewState":{"showFog":true,"showMaterialUpdate":false,"showSkybox":true,"showFlares":true,"showImageEffects":true,"showParticleSystems":true,"showVisualEffectGraphs":true,"m_FxEnabled":true},"in2DMode":false,"pivot":{"x":5.904428005218506,"y":1.7290748357772828,"z":4.506948471069336},"rotation":{"x":0.002678483724594116,"y":0.09346027672290802,"z":0.00025131891015917063,"w":-0.9956191182136536},"size":4.639230728149414,"orthographic":false}